source,author,title,description,url,urlToImage,publishedAt,content
"{'id': None, 'name': 'GlobeNewswire'}",CESUR Mining,"How to Make $10,800+ a Day Using CESUR Mining",Expanding Cryptocurrency Support for Greater Flexibility Expanding Cryptocurrency Support for Greater Flexibility,https://www.globenewswire.com/news-release/2025/02/14/3026800/0/en/How-to-Make-10-800-a-Day-Using-CESUR-Mining.html,https://ml.globenewswire.com/Resource/Download/f541e3e7-e377-46a0-b854-6b46c42f6426,2025-02-14T17:00:00Z,"London, UK, Feb. 14, 2025 (GLOBE NEWSWIRE) -- CESUR Mining, a global leader in cloud mining, is proud to announce the expansion of its services to make cloud mining more convenient, efficient, and pr… [+3082 chars]"
"{'id': None, 'name': 'pymnts.com'}",PYMNTS,Are Cryptocurrency Payments in the Cards for DraftKings?,"At the end of DraftKings’ fourth-quarter earnings call Friday (Feb. 14), Co-founder and CEO Jason Robins was asked whether the company would ever accept cryptocurrency payments. “It’s certainly something we’re looking at,” he told analysts. “It’s also getting…",https://www.pymnts.com/earnings/2025/are-cryptocurrency-payments-in-the-cards-for-draftkings/,https://www.pymnts.com/wp-content/uploads/2021/10/draft-kings.jpg,2025-02-14T16:32:48Z,"At the end of DraftKings fourth-quarter earnings call Friday (Feb. 14), Co-founder and CEO Jason Robins was asked whether the company would ever accept cryptocurrency payments.
Its certainly somethi… [+4487 chars]"
"{'id': None, 'name': 'Freerepublic.com'}",Summa Money,Will Markets Go Up Now That Trump Is President?,"Donald Trump was the first president in modern U.S. history to take office without holding a prior public office or serving in the military. This non-traditional path to the White House came with a distinctly corporate approach to economic and fiscal policy, …",https://freerepublic.com/focus/f-bloggers/4297600/posts,,2025-02-14T16:30:11Z,Donald Trump was the first president in modern U.S. history to take office without holding a prior public office or serving in the military. This non-traditional path to the White House came with a d… [+11651 chars]
"{'id': None, 'name': 'ZyCrypto'}",Guest Author,"FloppyPepe (FPPE) To Trigger Bullish Run, Here Are The Targets","Amid these developments, FloppyPepe (FPPE) is tipped to take full advantage of the wave, setting the stage for a 100x bullish rally from its presale price. With AI-driven meme creation, NFT integration, and Meme DAO governance, this project is more than just …",https://zycrypto.com/floppypepe-fppe-to-trigger-bullish-run-here-are-the-targets/,https://zycrypto.com/wp-content/uploads/2025/02/How-FloppyPepe-FPPE-Could-Turn-Crypto-Holders-Into-Overnight-Success-Stories-Despite-The-Market-Crash.jpg,2025-02-14T16:17:25Z,"Disclaimer: The below article is sponsored, and the views in it do not represent those of ZyCrypto. Readers should conduct independent research before taking any actions related to the project mentio… [+2902 chars]"
"{'id': None, 'name': 'ZyCrypto'}",Guest Author,IntelMarkets vs. SOL—Which Altcoin Will Hit a $100B Market Cap First?,"IntelMarkets (INTL) positions itself as a strong alternative to the established crypto market leader, Solana (SOL). IntelMarkets has caught the attention of traders who seek technological advancement and impressive price growth. Meanwhile, Solana has progress…",https://zycrypto.com/intelmarkets-vs-sol-which-altcoin-will-hit-a-100b-market-cap-first/,https://zycrypto.com/wp-content/uploads/2024/09/Tough-October-Ahead-IntelMarkets-INTL-Makes-ADA-Whales-Switch-Sides-While-Solana-Eyes-Target.jpg,2025-02-14T16:01:37Z,"Disclaimer: The below article is sponsored, and the views in it do not represent those of ZyCrypto. Readers should conduct independent research before taking any actions related to the project mentio… [+4797 chars]"
"{'id': None, 'name': 'GlobeNewswire'}",BlocScale,"XRP Shows Resilience Amid Market Volatility, Join The Private Sale Round of XRP’s First Launchpad - BlocScale","LIJA, Malta, Feb. 14, 2025 (GLOBE NEWSWIRE) -- Over the week, XRP has witnessed a series of positive price movements, driven by policy announcements, and the SEC’s decision on Grayscale’s XRP ETF application. Despite market volatility, XRP has shown steady gr…",https://www.globenewswire.com/news-release/2025/02/14/3026768/0/en/XRP-Shows-Resilience-Amid-Market-Volatility-Join-The-Private-Sale-Round-of-XRP-s-First-Launchpad-BlocScale.html,https://ml.globenewswire.com/Resource/Download/b081df11-50c5-48d1-bc31-d4d2054508e8,2025-02-14T16:00:00Z,"LIJA, Malta, Feb. 14, 2025 (GLOBE NEWSWIRE) -- Over the week, XRP has witnessed a series of positive price movements, driven by policy announcements, and the SECs decision on Grayscales XRP ETF appli… [+4321 chars]"
"{'id': None, 'name': 'Ambcrypto.com'}",Olayiwola Dolapo,Ethereum buying volume surges as U.S investors step in – Is a rally next?,Where's the momentum Ethereum's price so dearly craves?,https://ambcrypto.com/ethereum-buying-volume-surges-as-u-s-investors-step-in-is-a-rally-next/,https://ambcrypto.com/wp-content/uploads/2025/02/ETH-1-1000x600.webp,2025-02-14T15:30:15Z,"<ul><li>After a steady recent decline, the number of active Ethereum addresses spiked across the board</li><li>This correlated with surge in U.S investor buying, as well as a hike in overall market b… [+2488 chars]"
"{'id': None, 'name': 'Decrypt'}",Jason Nelson,Coinbase and Aston Martin Seal F1 Sponsorship Deal Paid in Stablecoin USDC,"Aston Martin’s Formula One team will sport Coinbase branding this season, with the deal uniquely paid entirely in USDC.",https://decrypt.co/305914/coinbase-and-aston-martin-strike-f1-deal-paid-for-in-usdc,https://cdn.decrypt.co/resize/1024/height/512/wp-content/uploads/2025/02/Decrypt-Wallpaper-Format-1600-x-900-px-gID_7.jpg,2025-02-14T15:01:02Z,"Stablecoins are hitting the racing track.
San Francisco-based Coinbase and the UK-based Formula One team Aston Martin Aramco announced Thursday a new partnership, making the U.S.s top crypto exchang… [+4045 chars]"
"{'id': None, 'name': 'Hackaday'}",Jonathan Bennett,"This Week in Security: The UK Wants Your iCloud, Libarchive Wasn’t Ready, and AWS","There’s a constant tension between governments looking for easier ways to catch criminals, companies looking to actually protect their users’ privacy, and individuals who just want their data to be …read more",https://hackaday.com/2025/02/14/this-week-in-security-the-uk-wants-your-icloud-libarchive-wasnt-ready-and-aws/,https://hackaday.com/wp-content/uploads/2016/01/darkarts.jpg,2025-02-14T15:00:31Z,"There’s a constant tension between governments looking for easier ways to catch criminals, companies looking to actually protect their users’ privacy, and individuals who just want their data to be t… [+10208 chars]"
"{'id': None, 'name': 'Ambcrypto.com'}",Samantha LKM,Cardano: 70M ADA moved in 96 hours—Impact on prices?,"Over 70 million ADA tokens have moved among whales, sparking speculation as Grayscale files for a Cardano Spot ETF.",https://ambcrypto.com/cardano-70m-ada-moved-in-96-hours-impact-on-prices/,https://ambcrypto.com/wp-content/uploads/2025/02/Samyukhtha-40-1000x600.png,2025-02-14T15:00:01Z,"<ul><li>70 million ADA tokens moved among whales, sparking speculation and price movements.</li><li>Grayscales ADA Spot ETF application could fuel institutional interest and impact ADAs price traject… [+2999 chars]"
"{'id': None, 'name': 'CryptoSlate'}",Liam 'Akiba' Wright,Vitalik Buterin suggests 10X increase in Ethereum gas limit to support L2 growth and censorship resistance,"Vitalik Buterin has argued that increasing Ethereum’s L1 gas capacity is necessary to support transaction inclusion and application development when most activity occurs on L2. In a new blog post, Buterin outlined calculations suggesting that a roughly 10× ex…",https://cryptoslate.com/vitalik-buterin-calls-for-20-increase-in-ethereum-gas-limit-to-support-l2-transaction-growth/,https://cryptoslate.com/wp-content/uploads/2025/02/ethereum-gas.jpg,2025-02-14T14:45:54Z,"Vitalik Buterin has argued that increasing Ethereum’s L1 gas capacity is necessary to support transaction inclusion and application development when most activity occurs on L2. In a new blog post, Bu… [+5116 chars]"
"{'id': None, 'name': 'Bitcoinist'}",Ronaldo Marquez,Solana ETFs Move Forward: SEC Acknowledges Canary Trust’s Filing Amid Growing Anticipation,"The US Securities and Exchange Commission (SEC) has made a noteworthy advancement in the potential introduction of new altcoin-based financial products by acknowledging several filings for Solana ETFs.  Solana ETFs Potential In a regulatory filing, the SEC op…",https://bitcoinist.com/solana-etfs-move-forward-sec-acknowledges/,https://bitcoinist.com/wp-content/uploads/2024/09/Screenshot_442.jpg,2025-02-14T14:30:12Z,The US Securities and Exchange Commission (SEC) has made a noteworthy advancement in the potential introduction of new altcoin-based financial products by acknowledging several filings for Solana ETF… [+3322 chars]
"{'id': None, 'name': 'newsBTC'}",Christian Encila,TRUMP Coin Spikes 17% As Arthur Hayes Says It Could Outperform Bitcoin,"The former BitMEX CEO, Arthur Hayes, is making a bold prediction for the TRUMP meme coin: it will outperform Bitcoin if market sentiment continues improving and politicians start leveraging meme cryptos. Related Reading: Cardano Price Balloons 107% As Whales …",http://www.newsbtc.com/news/bitcoin/trump-coin-spikes-17-as-arthur-hayes-says-it-could-outperform-bitcoin/,https://www.newsbtc.com/wp-content/uploads/2025/02/a_f2360b.png?fit=512%2C512,2025-02-14T14:00:04Z,"The former BitMEX CEO, Arthur Hayes, is making a bold prediction for the TRUMP meme coin: it will outperform Bitcoin if market sentiment continues improving and politicians start leveraging meme cryp… [+2907 chars]"
"{'id': None, 'name': 'GlobeNewswire'}",Hashdex AG,"Hashdex Announces Launch of Hashdex Nasdaq Crypto Index US ETF (Ticker: NCIQ), Offering US Investors Exposure to Bitcoin and Ether Through a Single Product","Product structured to provide crypto asset exposure by tracking the Nasdaq Crypto US™ Index (NCIUS™), a benchmark for institutional investment in certain market-leading crypto assets",https://www.globenewswire.com/news-release/2025/02/14/3026688/0/en/Hashdex-Announces-Launch-of-Hashdex-Nasdaq-Crypto-Index-US-ETF-Ticker-NCIQ-Offering-US-Investors-Exposure-to-Bitcoin-and-Ether-Through-a-Single-Product.html,https://ml-eu.globenewswire.com/Resource/Download/9e88b3e3-2bc6-4cd7-a364-146b4243ce74,2025-02-14T14:00:00Z,"Product structured to provide crypto asset exposure by tracking the Nasdaq Crypto US Index (NCIUS), a benchmark for institutional investment in certain market-leading crypto assets
Hashdex and Nasda… [+14345 chars]"
"{'id': None, 'name': 'CryptoSlate'}",Oluwapelumi Adejumo,Ethereum testnet goes live with Pectra upgrade as April mainnet launch looms,"Ethereum’s Pectra upgrade is already live on Ephemery, a testnet of the blockchain network, in preparation for an April mainnet launch. On Feb. 13, Tim Beiko, Ethereum Foundation Protocol Support Lead, wrote: “Ephemery now supports Pectra!” This confirms a st…",https://cryptoslate.com/ethereum-testnet-goes-live-with-pectra-upgrade-as-april-mainnet-launch-looms/,https://cryptoslate.com/wp-content/uploads/2025/02/ethereum-pectra-upgrade.jpg,2025-02-14T13:48:26Z,"Ethereum’s Pectra upgrade is already live on Ephemery, a testnet of the blockchain network, in preparation for an April mainnet launch.
On Feb. 13, Tim Beiko, Ethereum Foundation Protocol Support Le… [+3019 chars]"
"{'id': None, 'name': 'newsBTC'}",NewsBTC,Fed Gov Discusses the Future of the Stablecoin Market; NY to Relax Its Crypto Regs. $BEST Presale to Benefit?,Everything’s looking bright and rosy for the crypto’s future with good news from the Fed and New York. The Fed’s governor talked about the potential of stablecoins in retail. But he added it might take some work to increase its adoption. New York could also r…,http://www.newsbtc.com/news/us-fed-discusses-stablecoins-best-presale-to-benefit/,https://www.newsbtc.com/wp-content/uploads/2025/02/us-fed-discusses-stablecoins.jpg,2025-02-14T12:56:22Z,Everythings looking bright and rosy for the crypto’s future with good news from the Fed and New York. The Fed’s governor talked about the potential of stablecoins in retail. But he added it might tak… [+4958 chars]
"{'id': None, 'name': 'Forbes'}","Billy Bambrough, Senior Contributor, 
 Billy Bambrough, Senior Contributor
 https://www.forbes.com/sites/billybambrough/",Goldman Sachs Is Quietly Betting Billions On Bitcoin—Is Ripple’s XRP Next As Its Price Surges?,Wall Street giant Goldman Sachs has quietly confirmed its bought around $2 billion of bitcoin...,https://www.forbes.com/sites/digital-assets/2025/02/14/goldman-sachs-is-quietly-betting-billions-on-bitcoin-and-ethereum-amid-price-swings/,https://imageio.forbes.com/specials-images/imageserve/665864416a983770fd0082ee/0x0.jpg?format=jpg&height=900&width=1600&fit=bounds,2025-02-14T12:52:24Z,"02/14 update below. This post was originally published on February 13
Bitcoin and ethereum have diverged in recent months, with the bitcoin price soaring as ethereum struggleshelped by U.S. presiden… [+4263 chars]"
"{'id': None, 'name': 'GlobeNewswire'}",CryptoGo,CryptoGO: Simplifying Memecoin Trading for Newcomers on Telegram,Tired of Complex Crypto Trading? CryptoGO Lets You Trade Memecoins in Telegram—No Wallet or Blockchain Knowledge Needed! Tired of Complex Crypto Trading? CryptoGO Lets You Trade Memecoins in Telegram—No Wallet or Blockchain Knowledge Needed!,https://www.globenewswire.com/news-release/2025/02/14/3026591/0/en/CryptoGO-Simplifying-Memecoin-Trading-for-Newcomers-on-Telegram.html,https://ml.globenewswire.com/Resource/Download/3b763179-bb34-456f-bdb6-e207fa232272,2025-02-14T12:36:00Z,"Singapore, Feb. 14, 2025 (GLOBE NEWSWIRE) -- CryptoGO is aTelegram mini-app designed to simplify memecoin trading for newcomers. With its user-friendly interface and seamless integration, CryptoGO al… [+3139 chars]"
"{'id': None, 'name': 'International Business Times'}",Marvie Basilan,"Trump-Backed WLFI Spends Millions In $USDC To Buy $wBTC, $MOVE, Taps Into Staking","WLFI moved some of its crypto holdings for staking and lending, and swapped $USDC for $wBTC and $MOVE – actions in line with its recent announcement regarding a digital asset reserve that includes various cryptocurrencies.",https://www.ibtimes.com/trump-backed-wlfi-spends-millions-usdc-buy-wbtc-move-taps-staking-3763710,https://d.ibtimes.com/en/full/4555041/wlfi-gold-paper.png,2025-02-14T12:03:01Z,"KEY POINTS
<ul><li>WLFI swapped nearly $6 million $ETH for $stETH and sent the coins for staking with Lido Finance</li><li>The DeFi project spent $5 million $USDC to buy 52 Wrapped Bitcoin</li><li>W… [+3078 chars]"
"{'id': None, 'name': 'CoinDesk'}","James Van Straten, Francisco Rodrigues","Crypto Daybook Americas: Roses Are Red, Violets Are Blue, Inflation Is Hot, but Bitcoin Shines Through","The day ahead in crypto: Feb. 14, 2025",https://www.coindesk.com/daybook-us/2025/02/14/crypto-daybook-americas-roses-are-red-violets-are-blue-inflation-is-hot-but-bitcoin-shines-through,https://cdn.sanity.io/images/s3y3vcno/production/d31f0919cbd4a7cdbc45e7a72ec68d80792ddc11-700x430.png?auto=format,2025-02-14T12:00:00Z,"By James Van Straten (All times ET unless indicated otherwise)
Bitcoin (BTC) continues to climb the wall of worry, pushing above $97,000 despite hotter-than-expected U.S. consumer and producer price… [+9165 chars]"
"{'id': None, 'name': 'Bitcoinist'}",Ronaldo Marquez,6 Arrested In Shocking Chicago Kidnapping For Massive Crypto Ransom,"Six men are accused of kidnapping three family members and their nanny from a Chicago townhouse in October 2024 in exchange for a crypto-ransom. Before being freed next to a dry cleaners, the victims were allegedly kept for five days and forced into handing o…",https://bitcoinist.com/6-arrested-in-kidnapping-for-massive-crypto-ransom/,https://bitcoinist.com/wp-content/uploads/2024/06/Screenshot_226.jpg,2025-02-14T11:30:06Z,"Six men are accused of kidnapping three family members and their nanny from a Chicago townhouse in October 2024 in exchange for a crypto-ransom. Before being freed next to a dry cleaners, the victims… [+3048 chars]"
"{'id': None, 'name': 'Bitcoinist'}",Bitcoinist,New Crypto to Explode as 20 US States Consider Bitcoin Reserve,"While implementing a strategic Bitcoin reserve on a federal level isn’t easy, 20 US states have proposed their own Bitcoin bills. This includes Oklahoma, Massachusetts, Ohio, Texas, and Illinois. North Carolina plans to allocate the largest sum to $BTC purcha…",https://bitcoinist.com/new-crypto-explodes-as-us-considers-bitcoin-reserve/,https://bitcoinist.com/wp-content/uploads/2025/02/new-crypto-explodes-as-us-considers-bitcoin-reserve-e1739528474105.webp,2025-02-14T11:09:59Z,"While implementing a strategic Bitcoin reserve on a federal level isnt easy, 20 US states have proposed their own Bitcoin bills.
This includes Oklahoma, Massachusetts, Ohio, Texas, and Illinois. Nor… [+5157 chars]"
"{'id': None, 'name': 'Biztoc.com'}",aol.com,Is Now a Good Time to Buy the Dip in Dogecoin?,"Last year, mainstream cryptocurrencies such as Bitcoin and Ethereum generated returns far superior to those seen in the S&P 500 (SNPINDEX: ^GSPC) and Nasdaq Composite (NASDAQINDEX: ^IXIC). One of the main catalysts for these cryptocurrencies in 2024 was the p…",https://biztoc.com/x/359bc77966485b3d,https://biztoc.com/cdn/809/og.png,2025-02-14T10:56:08Z,"Last year, mainstream cryptocurrencies such as Bitcoin and Ethereum generated returns far superior to those seen in the S&amp;P 500 (SNPINDEX: ^GSPC) and Nasdaq Composite (NASDAQINDEX: ^IXIC). One of… [+145 chars]"
"{'id': None, 'name': 'ZyCrypto'}",Guest Author,Aureal One Set to Surge as Bitcoin’s Bull Run Gains Momentum,"Bitcoin’s bull run potential remains strong as whale inflows to exchanges stabilize, signaling a possible continuation of upward momentum. According to CryptoQuant, large inbound transactions to exchanges have plateaued, forming a potential lower high in Febr…",https://zycrypto.com/aureal-one-set-to-surge-as-bitcoins-bull-run-gains-momentum/,https://zycrypto.com/wp-content/uploads/2024/12/Next-Crypto-to-Explode-Aurealone-Leads-Best-Coins-for-Potential-600x-Portfolio-Gains.jpg,2025-02-14T10:42:18Z,"Disclaimer: The below article is sponsored, and the views in it do not represent those of ZyCrypto. Readers should conduct independent research before taking any actions related to the project mentio… [+9204 chars]"
"{'id': None, 'name': 'GlobeNewswire'}",Tap Protocol,"TAP Protocol Launches its TAP Launch Bot, The Ultimate No-Code Solution to Launching Token Projects on Bitcoin With No Bonding Curve","Berlin, Germany, Feb. 14, 2025 (GLOBE NEWSWIRE) -- - TAP Protocol
, a protocol that enables the development of decentralized applications (DApps) on Bitcoin Layer-1, is announcing the launch of its TAP Launch Bot
 to make it easier to create, launch and fun…",https://www.globenewswire.com/news-release/2025/02/14/3026503/0/en/TAP-Protocol-Launches-its-TAP-Launch-Bot-The-Ultimate-No-Code-Solution-to-Launching-Token-Projects-on-Bitcoin-With-No-Bonding-Curve.html,,2025-02-14T10:14:00Z,"Berlin, Germany, Feb. 14, 2025 (GLOBE NEWSWIRE) -- - TAP Protocol
, a protocol that enables the development of decentralized applications (DApps) on Bitcoin Layer-1, is announcing the launch of its … [+4296 chars]"
"{'id': 'financial-post', 'name': 'Financial Post'}",GlobeNewswire,Bitget Secures Virtual Asset Service Provider license in Bulgaria Aligning with its EU Expansion Plans,"VICTORIA, Seychelles, Feb. 14, 2025 (GLOBE NEWSWIRE) — Bitget, the leading cryptocurrency exchange and Web3 company, has obtained a Virtual Asset Service Provider (VASP) license from Bulgaria’s National Revenue Agency. The official licensing now enables Bitge…",https://financialpost.com/globe-newswire/bitget-secures-virtual-asset-service-provider-license-in-bulgaria-aligning-with-its-eu-expansion-plans,https://smartcdn.gprod.postmedia.digital/financialpost/wp-content/uploads/2025/02/bitget-secures-virtual-asset-service-provider-license-in-bul.png,2025-02-14T10:00:22Z,"Author of the article:
Bitget Secures Virtual Asset Service Provider license in Bulgaria Aligning with its EU Expansion PlansGNW
Article content
VICTORIA, Seychelles, Feb. 14, 2025 (GLOBE NEWSWIRE… [+8104 chars]"
"{'id': None, 'name': 'GlobeNewswire'}",Bitget Limited,Bitget Secures Virtual Asset Service Provider license in Bulgaria Aligning with its EU Expansion Plans,"Bitget obtains a VASP license in Bulgaria, strengthening its EU presence and aligning with MiCA compliance for regulated crypto services.......",https://www.globenewswire.com/news-release/2025/02/14/3026496/0/en/Bitget-Secures-Virtual-Asset-Service-Provider-license-in-Bulgaria-Aligning-with-its-EU-Expansion-Plans.html,https://ml-eu.globenewswire.com/Resource/Download/1d6d5ad9-e478-4b92-a907-c63f166a3af9,2025-02-14T10:00:00Z,"VICTORIA, Seychelles, Feb. 14, 2025 (GLOBE NEWSWIRE) -- Bitget, the leading cryptocurrency exchange and Web3 company, has obtained a Virtual Asset Service Provider (VASP) license from Bulgaria's Nati… [+5108 chars]"
"{'id': None, 'name': 'Securityaffairs.com'}",Pierluigi Paganini,Experts discovered PostgreSQL flaw chained with BeyondTrust zeroday in targeted attacks,"Threat actors are exploiting a zero-day SQL injection vulnerability in PostgreSQL, according to researchers from cybersecurity firm Rapid7. Rapid7 researchers discovered a high-severity SQL injection flaw, tracked as CVE-2025-1094, in PostgreSQL’s psql tool. …",https://securityaffairs.com/174218/hacking/postgresql-flaw-chained-with-beyondtrust-zeroday.html,https://securityaffairs.com/wp-content/uploads/2025/02/postgresql-logo.png,2025-02-14T09:23:12Z,"Experts discovered PostgreSQL flaw chained with BeyondTrust zeroday in targeted attacks
 | Valve removed the game PirateFi from the Steam video game platform because contained a malware
 | China-li… [+139458 chars]"
"{'id': None, 'name': 'ETF Daily News'}",MarketBeat News,Cryptocurrency Stocks To Keep An Eye On – February 12th,"Robinhood Markets, Bitdeer Technologies Group, Bitfarms, Cellebrite DI, HIVE Digital Technologies, BTC Digital, and MoneyLion are the seven Cryptocurrency stocks to watch today, according to MarketBeat’s stock screener tool. Cryptocurrency stocks are publicly…",https://www.etfdailynews.com/2025/02/14/cryptocurrency-stocks-to-keep-an-eye-on-february-12th/,https://www.americanbankingnews.com/wp-content/timthumb/timthumb.php?src=https://www.marketbeat.com/logos/robinhood-markets-inc-logo-1200x675.png?v=20210729133331&w=240&h=240&zc=2,2025-02-14T09:20:51Z,"Robinhood Markets, Bitdeer Technologies Group, Bitfarms, Cellebrite DI, HIVE Digital Technologies, BTC Digital, and MoneyLion are the seven Cryptocurrency stocks to watch today, according to MarketBe… [+7412 chars]"
"{'id': None, 'name': 'ZyCrypto'}",Guest Author,Florida’s Crypto Push Sparks Surge! Here’s Why Aureal One is the Best for 100x gains,"Can state-level crypto adoption kickstart the next market-wide crypto rally? Florida Senator Joe Gruters introduced a new bill, SB 550: This allows the state’s CFO to allocate up to 10% of public funds to Bitcoin and other cryptocurrencies. The bill covers th…",https://zycrypto.com/floridas-crypto-push-sparks-surge-heres-why-aureal-one-is-the-best-for-100x-gains/,https://zycrypto.com/wp-content/uploads/2024/12/Next-Crypto-to-Explode-Aurealone-Leads-Best-Coins-for-Potential-600x-Portfolio-Gains.jpg,2025-02-14T09:05:08Z,"Disclaimer: The below article is sponsored, and the views in it do not represent those of ZyCrypto. Readers should conduct independent research before taking any actions related to the project mentio… [+8592 chars]"
"{'id': None, 'name': 'Bitcoinist'}",Keshav Verma,"Retail Flees Bitcoin, But XRP, Ethereum Continue To See Adoption","On-chain data shows the retail investors have been liquidating their Bitcoin wallets recently, but buying into XRP and Ethereum. Total Amount Of Holders Up For XRP & Ethereum, But Down For Bitcoin In a new post on X, the on-chain analytics firm Santiment has …",https://bitcoinist.com/retail-flees-bitcoin-but-xrp-ethereum-adoption/,https://bitcoinist.com/wp-content/uploads/2025/02/btc_dcc11d.webp,2025-02-14T09:00:53Z,"On-chain data shows the retail investors have been liquidating their Bitcoin wallets recently, but buying into XRP and Ethereum.
Total Amount Of Holders Up For XRP &amp; Ethereum, But Down For Bitco… [+2977 chars]"
"{'id': None, 'name': 'Ambcrypto.com'}",AMBCrypto Team,5 Low-cost Altcoins with Millionaire-Making Potential,"As the fabled altcoin season draws closer, investors have started positioning themselves for the expected […]",https://ambcrypto.com/5-low-cost-altcoins-with-millionaire-making-potential/,https://ambcrypto.com/wp-content/uploads/2025/02/Screenshot-2025-02-14-140334.png,2025-02-14T09:00:10Z,"As the fabled altcoin season draws closer, investors have started positioning themselves for the expected growth. Even so, knowing which top crypto coin is primed for an extended rally among the thou… [+7625 chars]"
"{'id': None, 'name': 'CryptoSlate'}",Oluwapelumi Adejumo,SEC opens door to Grayscale’s Dogecoin and XRP ETFs with surprising acknowledgment,"The US Securities and Exchange Commission (SEC) has acknowledged Grayscale’s applications for spot Dogecoin (DOGE) and XRP exchange-traded funds (ETFs), according to two Feb. 13 filings by the financial regulator. This marks the first step in a regulatory rev…",https://cryptoslate.com/sec-opens-door-to-grayscales-dogecoin-and-xrp-etfs-with-surprising-acknowledgment/,https://cryptoslate.com/wp-content/uploads/2025/02/doge-xrp-etf-.jpg,2025-02-14T08:52:41Z,"The US Securities and Exchange Commission (SEC) has acknowledged Grayscale’s applications for spot Dogecoin (DOGE) and XRP exchange-traded funds (ETFs), according to two Feb. 13 filings by the financ… [+2685 chars]"
"{'id': None, 'name': 'ETF Daily News'}",MarketBeat News,What is B. Riley’s Estimate for HIVE FY2027 Earnings?,"HIVE Digital Technologies Ltd. (NASDAQ:HIVE – Free Report) – Stock analysts at B. Riley reduced their FY2027 earnings per share estimates for shares of HIVE Digital Technologies in a report issued on Wednesday, February 12th. B. Riley analyst N. Giles now ant…",https://www.etfdailynews.com/2025/02/14/what-is-b-rileys-estimate-for-hive-fy2027-earnings/,https://www.americanbankingnews.com/wp-content/timthumb/timthumb.php?src=https://www.marketbeat.com/logos/hive-digital-technologies-ltd-logo-1200x675.png?v=20240523105317&w=240&h=240&zc=2,2025-02-14T08:48:54Z,HIVE Digital Technologies Ltd. (NASDAQ:HIVE – Free Report) – Stock analysts at B. Riley reduced their FY2027 earnings per share estimates for shares of HIVE Digital Technologies in a report issued on… [+4091 chars]
"{'id': None, 'name': 'GlobeNewswire'}",BYDFi Blockchain Limited,"BYDFi Partners with Safeheron to Launch MoonX, the Safest Way to Trade MemeCoins","SINGAPORE, Feb. 14, 2025 (GLOBE NEWSWIRE) -- BYDFi, a well-known crypto exchange, officially announced the upcoming launch of its new Web3 on-chain trading platform, MoonX. Specifically designed for Meme Coin traders, MoonX will provide a fast, secure, and in…",https://www.globenewswire.com/news-release/2025/02/14/3026465/0/en/BYDFi-Partners-with-Safeheron-to-Launch-MoonX-the-Safest-Way-to-Trade-MemeCoins.html,https://ml.globenewswire.com/Resource/Download/7660fbc0-6edb-4cc4-ad8b-5d5d1cbfa2bd,2025-02-14T08:40:00Z,"SINGAPORE, Feb. 14, 2025 (GLOBE NEWSWIRE) -- BYDFi, a well-known crypto exchange, officially announced the upcoming launch of its new Web3 on-chain trading platform, MoonX. Specifically designed for … [+4455 chars]"
"{'id': None, 'name': 'Biztoc.com'}",theblock.co,Ethereum devs release client software for Pectra upgrade on testnets; mainnet launch expected in April,"This website is using a security service to protect itself from online attacks. The action you just performed triggered the security solution. There are several actions that could trigger this block including submitting a certain word or phrase, a SQL command…",https://biztoc.com/x/9e3f632d9cfcde74,https://biztoc.com/cdn/9e3f632d9cfcde74_s.webp,2025-02-14T08:37:14Z,This website is using a security service to protect itself from online attacks. The action you just performed triggered the security solution. There are several actions that could trigger this block … [+143 chars]
"{'id': None, 'name': 'Coinjournal.net'}",Hassan Maishera,Michigan proposes investments in Crypto as Bitcoin Pepe’s presale nears $2m,Key takeaways Michigan has joined the wave of other states in the U.S. looking to invest in cryptocurrencies. Bitcoin Pepe’s presale approaches $2m two days after launch. Michigan proposes crypto investments More states in the United States are looking to inv…,https://coinjournal.net/news/michigan-proposes-investments-in-crypto-as-bitcoin-pepes-presale-nears-2m/,https://coinjournal.net/wp-content/uploads/2025/02/brad-switzer-0G3Kj9L2JH0-unsplash.jpg,2025-02-14T08:29:38Z,"Key takeaways
<ul><li>Michigan has joined the wave of other states in the U.S. looking to invest in cryptocurrencies.</li><li>Bitcoin Pepe’s presale approaches $2m two days after launch.</li></ul>Mi… [+3450 chars]"
"{'id': None, 'name': 'ETF Daily News'}",MarketBeat News,"Stratos Wealth Partners LTD. Acquires Shares of 9,942 Grayscale Ethereum Trust (ETH) (OTCMKTS:ETHE)","Stratos Wealth Partners LTD. acquired a new stake in shares of Grayscale Ethereum Trust (ETH) (OTCMKTS:ETHE – Free Report) during the fourth quarter, according to its most recent 13F filing with the Securities and Exchange Commission (SEC). The institutional …",https://www.etfdailynews.com/2025/02/14/stratos-wealth-partners-ltd-acquires-shares-of-9942-grayscale-ethereum-trust-eth-otcmktsethe/,https://www.americanbankingnews.com/wp-content/timthumb/timthumb.php?src=https://www.marketbeat.com/logos/grayscale-ethereum-trust-(eth)-logo-1200x675.png?v=20211206081858&w=240&h=240&zc=2,2025-02-14T08:26:44Z,"Stratos Wealth Partners LTD. acquired a new stake in shares of Grayscale Ethereum Trust (ETH) (OTCMKTS:ETHE – Free Report) during the fourth quarter, according to its most recent 13F filing with the … [+2309 chars]"
"{'id': None, 'name': 'ETF Daily News'}",MarketBeat News,"CompoSecure, Inc. (NASDAQ:CMPO) Receives Average Recommendation of “Moderate Buy” from Brokerages","CompoSecure, Inc. (NASDAQ:CMPO – Get Free Report) has earned an average rating of “Moderate Buy” from the eight research firms that are covering the company, Marketbeat.com reports. One analyst has rated the stock with a hold rating and seven have given a buy…",https://www.etfdailynews.com/2025/02/14/composecure-inc-nasdaqcmpo-receives-average-recommendation-of-moderate-buy-from-brokerages/,https://www.americanbankingnews.com/wp-content/timthumb/timthumb.php?src=https://www.marketbeat.com/logos/composecure-inc-logo-1200x675.jpg?v=20220412074617&w=240&h=240&zc=2,2025-02-14T08:22:53Z,"CompoSecure, Inc. (NASDAQ:CMPO – Get Free Report) has earned an average rating of “Moderate Buy” from the eight research firms that are covering the company, Marketbeat.com reports. One analyst has r… [+4866 chars]"
"{'id': None, 'name': 'ETF Daily News'}",MarketBeat News,Financial Contrast: HIVE Digital Technologies (NASDAQ:HIVE) vs. NU (NYSE:NU),"HIVE Digital Technologies (NASDAQ:HIVE – Get Free Report) and NU (NYSE:NU – Get Free Report) are both finance companies, but which is the better stock? We will compare the two companies based on the strength of their valuation, dividends, analyst recommendati…",https://www.etfdailynews.com/2025/02/14/financial-contrast-hive-digital-technologies-nasdaqhive-vs-nu-nysenu/,https://www.americanbankingnews.com/wp-content/timthumb/timthumb.php?src=https://www.marketbeat.com/logos/nu-holdings-ltd-logo-1200x675.png?v=20211214074724&w=240&h=240&zc=2,2025-02-14T08:06:47Z,"HIVE Digital Technologies (NASDAQ:HIVE – Get Free Report) and NU (NYSE:NU – Get Free Report) are both finance companies, but which is the better stock? We will compare the two companies based on the … [+4149 chars]"
"{'id': None, 'name': 'ETF Daily News'}",MarketBeat News,Q1 Earnings Forecast for CompoSecure Issued By B. Riley,"CompoSecure, Inc. (NASDAQ:CMPO – Free Report) – Equities research analysts at B. Riley issued their Q1 2025 earnings per share estimates for CompoSecure in a note issued to investors on Tuesday, February 11th. B. Riley analyst H. Goetsch expects that the comp…",https://www.etfdailynews.com/2025/02/14/q1-earnings-forecast-for-composecure-issued-by-b-riley/,https://www.americanbankingnews.com/wp-content/timthumb/timthumb.php?src=https://www.marketbeat.com/logos/composecure-inc-logo-1200x675.jpg?v=20220412074617&w=240&h=240&zc=2,2025-02-14T07:38:57Z,"CompoSecure, Inc. (NASDAQ:CMPO – Free Report) – Equities research analysts at B. Riley issued their Q1 2025 earnings per share estimates for CompoSecure in a note issued to investors on Tuesday, Febr… [+4817 chars]"
"{'id': None, 'name': 'ETF Daily News'}",MarketBeat News,Fidelity Ethereum Fund (BATS:FETH) Shares Down 17.8% – Should You Sell?,"Fidelity Ethereum Fund (BATS:FETH – Get Free Report)’s stock price dropped 17.8% on Thursday . The company traded as low as $32.81 and last traded at $26.52. Approximately 1,814,438 shares changed hands during mid-day trading, The stock had previously closed …",https://www.etfdailynews.com/2025/02/14/fidelity-ethereum-fund-batsfeth-shares-down-17-8-should-you-sell/,https://www.americanbankingnews.com/wp-content/timthumb/timthumb.php?src=https://www.marketbeat.com/logos/fidelity-ethereum-fund-logo-1200x675.png?v=20240822182707&w=240&h=240&zc=2,2025-02-14T07:36:51Z,"Fidelity Ethereum Fund (BATS:FETH – Get Free Report)’s stock price dropped 17.8% on Thursday . The company traded as low as $32.81 and last traded at $26.52. Approximately 1,814,438 shares changed ha… [+1278 chars]"
"{'id': None, 'name': 'Securityaffairs.com'}",Pierluigi Paganini,Valve removed the game PirateFi from the Steam video game platform because contained a malware,"Valve removed a game from Steam because it contained malware, the company also warned affected users to reformat their operating systems. Valve removed the game PirateFi from the Steam video game platform because it contained a Windows malicious code to steal…",https://securityaffairs.com/174205/malware/valve-removed-a-game-from-steam.html,https://securityaffairs.com/wp-content/uploads/2025/02/image-20.png,2025-02-14T07:35:54Z,"Valve removed the game PirateFi from the Steam video game platform because contained a malware
 | China-linked APTs' tool employed in RA World Ransomware attack
 | Russia-linked APT Seashell Blizza… [+139366 chars]"
"{'id': None, 'name': 'Bitcoinist'}",Ash Tiwari,Cboe BZX Exchange Pushes For Ethereum ETF Staking In New SEC Filing – Details,"According to a February 12 filing with the US Securities and Exchange Commission (SEC), the Cboe BZX Exchange has submitted a request seeking approval for staking within the 21Shares Ethereum (ETH) exchange-traded fund (ETF). Cboe Seeks Ethereum ETF Staking A…",https://bitcoinist.com/cboe-bzx-exchange-pushes-for-ethereum-etf-staking-in-new-sec-filing-details/,https://bitcoinist.com/wp-content/uploads/2025/02/ethereum_67a44a.jpg,2025-02-14T07:30:22Z,"According to a February 12 filing with the US Securities and Exchange Commission (SEC), the Cboe BZX Exchange has submitted a request seeking approval for staking within the 21Shares Ethereum (ETH) e… [+3016 chars]"
"{'id': 'the-times-of-india', 'name': 'The Times of India'}",ETMarkets.com,"Crypto Price Today: Bitcoin holds above $96,700; Altcoins trade mixed","Bitcoin traded at $96,749, up 0.45%, while Ethereum dipped 0.4% to $2,699. BTC held key support at $95,000, facing resistance at $98,000. Altcoins showed mixed trends, with XRP gaining 3% on ETF news. Analysts predict short-term consolidation amid macroeconom…",https://economictimes.indiatimes.com/markets/cryptocurrency/crypto-price-today-bitcoin-holds-above-96700-altcoins-trade-mixed/articleshow/118239342.cms,"https://img.etimg.com/thumb/msid-118239324,width-1200,height-630,imgsize-169129,overlay-etmarkets/articleshow.jpg",2025-02-14T07:30:00Z,"(What's moving Sensex and Nifty Track latest market news, stock tips, Budget 2025, Share Market on Budget 2025 and expert advice, on ETMarkets. Also, ETMarkets.com is now on Telegram. For fastest new… [+330 chars]"
"{'id': 'the-times-of-india', 'name': 'The Times of India'}",Spotlight Wire,Biggest new meme coin? Bitcoin bull presale makes it a rising contender in the meme space,"Bitcoin Bull ($BTCBULL) has hit a $1 million milestone in its presale, offering investors Bitcoin rewards as it reaches price milestones. Built on Ethereum, the token employs a deflationary model to drive value and is part of a growing community that mixes th…",https://timesofindia.indiatimes.com/business/international-business/biggest-new-meme-coin-bitcoin-bull-presale-makes-it-a-rising-contender-in-the-meme-space/articleshow/118236992.cms,"https://static.toiimg.com/thumb/msid-118237305,width-1070,height-580,imgsize-32256,resizemode-75,overlay-toi_sw,pt-32,y_pad-40/photo.jpg",2025-02-14T06:33:05Z,10 yoga asanas to lower uric acid naturally
"{'id': None, 'name': 'Ambcrypto.com'}",Kelvin Murithi,"AAVE – Identifying the impact of new proposal, ETH Foundation’s deposit",AAVE has seen over $20 billion in net deposits over the past year Ethereum Foundation’s […],https://ambcrypto.com/aave-identifying-the-impact-of-new-proposal-eth-foundations-deposit/,https://ambcrypto.com/wp-content/uploads/2025/02/AAVE-1000x600.webp,2025-02-14T06:30:03Z,<ul><li>AAVE has seen over $20 billion in net deposits over the past year</li><li>Ethereum Foundations 10k ETH deposit added to the altcoin market’s bullish momentum</li></ul>AAVE’s on-chain and ecos… [+2084 chars]
"{'id': None, 'name': 'Ambcrypto.com'}",Lennox Gitonga,Ethereum’s NUPL signals rising fear — How $3K can flip sentiment,Ethereum investors are anxious but approval by SEC to allow 21Shares to stake ETH could spark renewed optimism.,https://ambcrypto.com/ethereums-nupl-signals-rising-fear-how-3k-can-flip-sentiment/,https://ambcrypto.com/wp-content/uploads/2025/02/Lennox-2-1-1000x600.png,2025-02-14T06:00:50Z,<ul><li>Ethereums long-term holder NUPL showed anxiety among investors but breaking above $3K could restore confidence.</li><li>The approval of a filing at the CBOE to allow 21Shares to stake the ETH… [+2763 chars]
"{'id': None, 'name': 'Biztoc.com'}",benzinga.com,"XRP Outshines Bitcoin, Ethereum After SEC Acknowledges Grayscale ETF Filing","XRP (CRYPTO: XRP) emerged as one of the biggest large-cap gainers Thursday following the SEC's acknowledgment of its exchange-traded fund application by Grayscale Investments. 
What happened: The third-largest cryptocurrency by market capitalization was up ov…",https://biztoc.com/x/db2a6a0c0ff6e310,https://biztoc.com/cdn/db2a6a0c0ff6e310_s.webp,2025-02-14T05:40:03Z,XRP (CRYPTO: XRP) emerged as one of the biggest large-cap gainers Thursday following the SEC's acknowledgment of its exchange-traded fund application by Grayscale Investments. What happened: The thir… [+144 chars]
"{'id': None, 'name': 'newsBTC'}",Aayush Jindal,BNB Price Reignites Momentum—Can It Push to New Highs?,BNB price is gaining pace from the $600 support zone. The price is rising and might aim for a fresh move toward the $750 resistance. BNB price is moving higher above the $650 resistance zone. The price is now trading above $665 and the 100-hourly simple movin…,http://www.newsbtc.com/analysis/bnb/bnb-price-reignites-momentum-700/,https://www.newsbtc.com/wp-content/uploads/2025/02/BNB-Price-Reignites-Momentum.jpg?fit=1792%2C1024,2025-02-14T05:08:37Z,"Aayush Jindal, a luminary in the world of financial markets, whose expertise spans over 15 illustrious years in the realms of Forex and cryptocurrency trading. Renowned for his unparalleled proficien… [+3011 chars]"
"{'id': None, 'name': 'newsBTC'}",Aayush Jindal,XRP Price Breaks Out—Is a Bigger Rally on The Horizon?,XRP price is moving higher from the $2.40 support zone. The price is showing positive signs and might gain bullish momentum above $2.60. XRP price started a decent upward move from the $2.400 zone. The price is now trading above $2.50 and the 100-hourly Simpl…,http://www.newsbtc.com/analysis/xrp/xrp-price-breaks-out-2-60/,https://www.newsbtc.com/wp-content/uploads/2025/02/XRP-Price-Breaks-Out.jpg?fit=1792%2C1024,2025-02-14T04:08:14Z,"Aayush Jindal, a luminary in the world of financial markets, whose expertise spans over 15 illustrious years in the realms of Forex and cryptocurrency trading. Renowned for his unparalleled proficien… [+3011 chars]"
"{'id': None, 'name': 'newsBTC'}",Aayush Jindal,Ethereum Price Holds Ground—Are Bulls Preparing for the Next Move?,"Ethereum price is moving higher above the $2,650 zone. ETH might gain bullish momentum if it clears the $2,750 resistance zone. Ethereum started a fresh increase above the $2,620 resistance level. The price is trading above $2,650 and the 100-hourly Simple Mo…",http://www.newsbtc.com/analysis/eth/ethereum-price-holds-ground-2550/,https://www.newsbtc.com/wp-content/uploads/2025/02/Ethereum-Price-Holds-Ground.jpg?fit=1792%2C1024,2025-02-14T03:18:00Z,"Ethereum price is moving higher above the $2,650 zone. ETH might gain bullish momentum if it clears the $2,750 resistance zone.
<ul><li>Ethereum started a fresh increase above the $2,620 resistance … [+2208 chars]"
"{'id': None, 'name': 'Ambcrypto.com'}",Ishika Kumari,Franklin Templeton’s money market fund launches on Solana – Is BlackRock losing ground?,"With $1.6 trillion under management, why is Franklin Templeton doubling down on blockchain?",https://ambcrypto.com/franklin-templetons-money-market-fund-launches-on-solana-is-blackrock-losing-ground/,https://ambcrypto.com/wp-content/uploads/2025/02/Franklin-Templetons-FOBXX-launch-1000x600.webp,2025-02-14T03:00:40Z,"<ul><li>Franklin Templeton expands FOBXX to Solana, enhancing its blockchain presence.</li><li>Institutional investment in Solana surges, solidifying its role in decentralized finance and tokenizatio… [+3157 chars]"
"{'id': None, 'name': 'Biztoc.com'}",benzinga.com,"Bitcoin, Ethereum, Dogecoin Flat Amid 'Reciprocal Tariffs' Talk By Trump: Why This Analyst Said BTC Was In 'No Man's Land'","Leading cryptocurrencies traded flat Thursday amid President Donald Trump's announcement of ""reciprocal tariffs"" and yet another hotter inflation data.
Cryptocurrency
Gains +/-
Price (Recorded at 7:45 p.m. ET)
Bitcoin (CRYPTO: BTC)
-0.93%
$96,702.26
Ethereum …",https://biztoc.com/x/5d41fc8ec76a9d47,https://biztoc.com/cdn/5d41fc8ec76a9d47_s.webp,2025-02-14T02:28:06Z,"Leading cryptocurrencies traded flat Thursday amid President Donald Trump's announcement of ""reciprocal tariffs"" and yet another hotter inflation data.CryptocurrencyGains +/-Price (Recorded at 7:45 p… [+124 chars]"
"{'id': None, 'name': 'Izismile.com'}",vovatb,How To Spot A Safe And Legitimate Online Casino,How To Spot A Safe And Legitimate Online Casino,https://izismile.com/2025/02/14/how_to_spot_a_safe_and_legitimate_online_casino.html,https://img.izismile.com/img/img15/20250214/640/how_to_spot_a_safe_and_legitimate_online_casino_640_01.jpg,2025-02-14T01:38:09Z,"With the growing popularity of online gambling, finding a safe and legitimate online casino has become a key concern for players. The internet is filled with both reputable and questionable gambling … [+5969 chars]"
"{'id': None, 'name': 'The Daily Hodl'}",Daily Hodl Staff,"Trader Says Chainlink (LINK) Could Explode by 169%, Updates Outlook on Sui","The widely followed trader and analyst Michaël van de Poppe is highlighting one crypto project in the Ethereum (ETH) ecosystem whose token he believes could go up by triple-digit percentage points. Van de Poppe tells his 773,600 followers on the social media …",https://dailyhodl.com/2025/02/13/trader-says-chainlink-link-could-explode-by-169-updates-outlook-on-sui/,https://dailyhodl.com/wp-content/uploads/2025/02/trader-based-could-up.jpg,2025-02-14T01:00:42Z,"The widely followed trader and analyst Michaël van de Poppe is highlighting one crypto project in the Ethereum (ETH) ecosystem whose token he believes could go up by triple-digit percentage points.
… [+1375 chars]"
"{'id': None, 'name': 'Biztoc.com'}",theblock.co,Ethereum staking sees notable pullback as market shifts toward new opportunities,"This website is using a security service to protect itself from online attacks. The action you just performed triggered the security solution. There are several actions that could trigger this block including submitting a certain word or phrase, a SQL command…",https://biztoc.com/x/60f7fc1a0ad1e07c,https://biztoc.com/cdn/60f7fc1a0ad1e07c_s.webp,2025-02-14T00:06:32Z,This website is using a security service to protect itself from online attacks. The action you just performed triggered the security solution. There are several actions that could trigger this block … [+143 chars]
"{'id': None, 'name': 'GlobeNewswire'}",CoreAI,CoreAI Unveils Revolutionary AI-Powered Blockchain Platform to Simplify dApp Development,"CoreAI merges AI and blockchain to revolutionize no-code dApp development, making decentralization accessible to everyone. CoreAI merges AI and blockchain to revolutionize no-code dApp development, making decentralization accessible to everyone.",https://www.globenewswire.com/news-release/2025/02/14/3026371/0/en/CoreAI-Unveils-Revolutionary-AI-Powered-Blockchain-Platform-to-Simplify-dApp-Development.html,https://ml.globenewswire.com/Resource/Download/3f4184f2-4949-48c3-9839-765ab9075d0c,2025-02-14T00:00:00Z,"New York, NY, Feb. 13, 2025 (GLOBE NEWSWIRE) -- CoreAI
, a groundbreaking blockchain project, is proud to introduce a revolutionary platform that merges artificial intelligence (AI) with blockchain … [+4582 chars]"
"{'id': None, 'name': 'Decrypt'}",Logan Hitchcock,Someone Just Won $100K in Bitcoin From a $50 Pack of Trading Cards,A $50 pack of crypto-themed Cardsmiths trading cards turned into a $100K Bitcoin windfall for one lucky buyer.,https://decrypt.co/305896/someone-won-100k-bitcoin-trading-cards,https://cdn.decrypt.co/resize/1024/height/512/wp-content/uploads/2024/09/bitcoin-btc-trading-cards-gID_7.png,2025-02-13T23:51:02Z,"A trading card collector found a Bitcoin redemption card valued at more than $100,000 in a $50 pack of cards last month.
Purchased online directly from trading card brand Cardsmiths, the Bitcoin car… [+1945 chars]"
"{'id': None, 'name': 'newsBTC'}",Sebastian Villafuerte,Avalanche Shows Signs Of Recovery As Key Indicator Flashes A Buy Signal – Details,"Avalanche (AVAX) has faced relentless selling pressure since mid-December, with its price plummeting over 60% and erasing all the gains from its impressive November 2024 rally. This sharp decline has left investors on edge, fueling fear and uncertainty as Ava…",http://www.newsbtc.com/news/avalanche/avalanche-shows-signs-of-recovery-as-key-indicator-flashes-a-buy-signal-details/,https://www.newsbtc.com/wp-content/uploads/2025/02/Untitled-design-83.jpg?fit=1792%2C1024,2025-02-13T23:00:19Z,"Avalanche (AVAX) has faced relentless selling pressure since mid-December, with its price plummeting over 60% and erasing all the gains from its impressive November 2024 rally. This sharp decline has… [+4111 chars]"
"{'id': None, 'name': 'Newyorkfed.org'}",Jon Durfee and Michael Lee,How Censorship Resistant Are Decentralized Systems?,"Public permissionless blockchains are designed to be censorship resistant, meaning access to the blockchain is unhampered. In practice, different blockchain ecosystem actors (such as users, builders, or proposers) can influence the degree to which a blockchai…",https://libertystreeteconomics.newyorkfed.org/2025/02/how-censorship-resistant-are-decentralized-systems/,https://libertystreeteconomics.newyorkfed.org/wp-content/uploads/sites/2/2025/02/LSE_2025_regulating-decentral-systems_lee_460.jpg,2025-02-13T22:30:45Z,"Jon Durfee and Michael Lee








Public permissionless blockchains are designed to be censorship resistant, meaning access to the blockchain is unhampered. In practice, different blockchain ecosyst… [+9738 chars]"
"{'id': None, 'name': 'Biztoc.com'}",theblock.co,Vitalik Buterin praises compliance-focused privacy project Railgun for preventing zKLend attacker from laundering stolen funds,The Ethereum founder praised Railgun after successfully preventing the zkLend attacker from washing $9.5 million in stolen ETH.,https://biztoc.com/x/26f76de969185efc,https://biztoc.com/cdn/26f76de969185efc_s.webp,2025-02-13T22:15:08Z,"The Ethereum founder praised Railgun after successfully preventing the zkLend attacker from washing $9.5 million in stolen ETH.
This story appeared on theblock.co, 2025-02-13 22:08:22."
"{'id': None, 'name': 'Pypi.org'}",admin@apeworx.io,eth-ape 0.8.26,Ape Ethereum Framework,https://pypi.org/project/eth-ape/0.8.26/,,2025-02-13T21:48:39Z,"A required part of this site couldnt load. This may be due to a browser
 extension, network issues, or browser settings. Please check your
 connection, disable any ad blockers, or try using a diffe… [+12 chars]"
"{'id': None, 'name': 'Decrypt'}",André Beganski,Coinbase Revenue Surges to $2.3 Billion as Bitcoin Booms and Retail Returns,Crypto exchange Coinbase had a huge Q4 thanks to the election of Donald Trump and Bitcoin's subsequent surge.,https://decrypt.co/305870/coinbase-q4-2024-spike-bitcoin-boom,https://cdn.decrypt.co/resize/1024/height/512/wp-content/uploads/2023/12/brian-armstrong-bitcoin-gID_7.jpg,2025-02-13T21:34:45Z,"The election of a new commander in chief benefited Coinbase's bottom line last quarter. 
The exchange reported a stronger-than-expected quarter for profit and revenue on Wednesday as transaction rev… [+3829 chars]"
"{'id': None, 'name': 'Pypi.org'}",,ethereum-execution added to PyPI,"Ethereum execution layer specification, provided as a Python package for tooling and testing",https://pypi.org/project/ethereum-execution/,,2025-02-13T21:27:26Z,"A required part of this site couldnt load. This may be due to a browser
 extension, network issues, or browser settings. Please check your
 connection, disable any ad blockers, or try using a diffe… [+12 chars]"
"{'id': None, 'name': 'The Daily Hodl'}",Daily Hodl Staff,‘Looks Like a Bull Trap’: Analyst Says Ethereum Competitor Solana Could Fall Further – Here Are His Targets,"A closely followed crypto analyst says that smart contract platform Solana (SOL) is setting up a bull trap for investors. In a new strategy session, pseudonymous crypto analyst Crypto Capo tells his audience on the social media platform Telegram that the Ethe…",https://dailyhodl.com/2025/02/13/looks-like-a-bull-trap-analyst-says-ethereum-competitor-solana-could-fall-further-here-are-his-targets/,https://dailyhodl.com/wp-content/uploads/2022/08/crypto-bump-bull-trap.jpg,2025-02-13T20:55:27Z,"A closely followed crypto analyst says that smart contract platform Solana (SOL) is setting up a bull trap for investors.
In a new strategy session, pseudonymous crypto analyst Crypto Capo tells his… [+1744 chars]"
"{'id': None, 'name': 'Biztoc.com'}",benzinga.com,"Bitcoin, Ethereum, Dogecoin Dip As XRP Holds Steady: Trader Warns Of Potential Drop To $92,000 Without Improvement","Cryptocurrency markets are trading lower on Thursday, continuing to trade in a tight range.
Cryptocurrency
Price 
Gains +/-
Bitcoin (CRYPTO: BTC)
 $95,842.60
-1.3%
Ethereum (CRYPTO: ETH)
 $2,648.21
-1%
Solana (CRYPTO: SOL)
 $193.46
+0.07%
XRP (CRYPTO: XRP)
 $…",https://biztoc.com/x/f32cc95d96cab54c,https://biztoc.com/cdn/f32cc95d96cab54c_s.webp,2025-02-13T20:50:58Z,"Cryptocurrency markets are trading lower on Thursday, continuing to trade in a tight range.CryptocurrencyPrice Gains +/-Bitcoin (CRYPTO: BTC)$95,842.60-1.3%Ethereum (CRYPTO: ETH)$2,648.21-1%Solana (C… [+126 chars]"
"{'id': None, 'name': 'newsBTC'}",Christian Encila,Cardano Price Balloons 107% As Whales Scoop Up 1.41 Billion ADA,"As large companies increase their engagement in the cryptocurrency sector, the Cardano ecology is changing dramatically. According to recent data, wallets holding over a million ADA have been rapidly growing since November 2023, amassing an additional 1.41 bi…",http://www.newsbtc.com/altcoin/cardano-price-balloons-107-as-whales-scoop-up-1-41-billion-ada/,https://www.newsbtc.com/wp-content/uploads/2025/02/a_ac07c7.png?fit=512%2C512,2025-02-13T20:00:00Z,"As large companies increase their engagement in the cryptocurrency sector, the Cardano ecology is changing dramatically. According to recent data, wallets holding over a million ADA have been rapidly… [+3315 chars]"
"{'id': None, 'name': 'Biztoc.com'}",benzinga.com,Cardano Jumps 12% In 7 Days: Why Is ADA Going Up?,"Cardano (CRYPTO: ADA) has jumped 12% in seven days, fueled by Grayscale's application for the first spot ETF.
Cryptocurrency
Price 
Market Cap
24-Hour Trend
7-Day Trend
Cardano (CRYPTO: ADA)
 $0.8003
$28.2 billion
+2.5% 
+12.6% 
Ethereum (CRYPTO: ETH)
 $2,636…",https://biztoc.com/x/1b1f0688da1f6c83,https://biztoc.com/cdn/1b1f0688da1f6c83_s.webp,2025-02-13T19:49:43Z,"Cardano (CRYPTO: ADA) has jumped 12% in seven days, fueled by Grayscale's application for the first spot ETF.CryptocurrencyPrice Market Cap24-Hour Trend7-Day TrendCardano (CRYPTO: ADA)$0.8003$28.2 bi… [+131 chars]"
"{'id': None, 'name': 'The Daily Hodl'}",Rhodilee Jean Dolor,"Hacker Offered 10% Bounty After Stealing Over $9,000,000 in Ethereum (ETH) From Lending Platform","A decentralized money-lending protocol built on the Ethereum (ETH) scaling solution Starknet is taking action to recover the funds stolen from its platform. In a post on the social media platform X, zkLend issued a bounty offer to the hacker who siphoned more…",https://dailyhodl.com/2025/02/12/hacker-offered-10-bounty-after-stealing-over-9000000-in-ethereum-eth-from-lending-platform/,https://dailyhodl.com/wp-content/uploads/2025/02/bounty-in-eth.jpg,2025-02-13T19:45:38Z,"A decentralized money-lending protocol built on the Ethereum (ETH) scaling solution Starknet is taking action to recover the funds stolen from its platform.
In a post on the social media platform X,… [+1227 chars]"
"{'id': None, 'name': 'GlobeNewswire'}",GDA Capital,World’s Largest Virtual AI Startup Competition Featuring $500K+ Prize Pool Kicks off March 3rd,"Next Top AI Agent, hosted by GDA Capital, Alpaca Network and partners brings together 4M+ developers and tech leaders for a month-long innovation challenge to build cutting-edge AI Agents Next Top AI Agent, hosted by GDA Capital, Alpaca Network and partners b…",https://www.globenewswire.com/news-release/2025/02/13/3026233/0/en/World-s-Largest-Virtual-AI-Startup-Competition-Featuring-500K-Prize-Pool-Kicks-off-March-3rd.html,,2025-02-13T19:42:00Z,"Toronto, Canada, Feb. 13, 2025 (GLOBE NEWSWIRE) --  GDA Capital and Alpaca Network, in partnership with Founders Hub Network &amp; Devolved AI, are proud to announce the inaugural Next Top AI Agent, … [+4459 chars]"
"{'id': None, 'name': 'ZyCrypto'}",PR DESK,Figment Becomes Latest Member of Blockchain Association in Push for Institutional Staking Adoption,"Figment, a top independent staking infrastructure provider, has announced its membership in the Blockchain Association, the leading trade association for the cryptocurrency industry in the United States. As a result of this move, the staking platform with ove…",https://zycrypto.com/figment-becomes-latest-member-of-blockchain-association-in-push-for-institutional-staking-adoption/,https://zycrypto.com/wp-content/uploads/2025/02/unnamed-2025-02-13T192638.749.jpg,2025-02-13T19:30:07Z,"Disclaimer: The below article is sponsored, and the views in it do not represent those of ZyCrypto. Readers should conduct independent research before taking any actions related to the project mentio… [+2878 chars]"
"{'id': None, 'name': 'Decrypt'}",Mathew Di Salvo,"Tether May Need to Sell Bitcoin to Meet Proposed US Stablecoin Rules, Says JP Morgan","JP Morgan claims that stablecoin leader Tether may need to sell its Bitcoin reserves to meet proposed U.S. rules. Tether says JPM is ""salty.""",https://decrypt.co/305798/tether-sell-bitcoin-meet-proposed-us-rules-jpmorgan,https://cdn.decrypt.co/resize/1024/height/512/wp-content/uploads/2023/11/tether-usdt-coin-bitcoin-btc-gID_7.jpg,2025-02-13T19:15:34Z,"Stablecoin giant Tether may have to sell some of its Bitcoin in order to comply with proposed U.S. regulations, according to a report from the worlds biggest bank, JP Morgan. 
In a Wednesday report,… [+3781 chars]"
"{'id': None, 'name': 'ZyCrypto'}",Newton Gitonga,How Ripple’s RLUSD Stablecoin Could Drive Crazy Demand For XRP Amid Push Into $230 Billion Payments Market,The RLUSD launch is strategically aligned with Ripple’s broader vision of optimizing cross-border payments.,https://zycrypto.com/how-ripples-rlusd-stablecoin-could-drive-crazy-demand-for-xrp-amid-push-into-230-billion-payments-market/,https://zycrypto.com/wp-content/uploads/2025/02/How-Ripples-RLUSD-Stablecoin-Could-Drive-Crazy-Demand-For-XRP-Amid-Push-Into-230-Billion-Payments-Market.jpg,2025-02-13T19:09:33Z,"Ripple officially unveiled its long-awaited stablecoin, Ripple USD (RLUSD), marking a pivotal moment for its evolution. The new digital currency, first announced in April, began trading in December f… [+2697 chars]"
"{'id': None, 'name': 'Securityaffairs.com'}",Pierluigi Paganini,The Rise of Cyber Espionage: UAV and C-UAV Technologies as Targets,Researchers at cybersecurity firm Resecurity detected a rise in cyberattacks targeting UAV and counter-UAV technologies. Resecurity identified an increase in malicious cyber activity targeting UAV and counter-UAV (C-UAV/C-UAS) technologies. That was especiall…,https://securityaffairs.com/174199/intelligence/the-rise-of-cyber-espionage-uav-and-c-uav-technologies-as-targets.html,https://securityaffairs.com/wp-content/uploads/2025/02/cyberespionage-uav.jpg,2025-02-13T18:51:32Z,"China-linked APTs' tool employed in RA World Ransomware attack
 | Russia-linked APT Seashell Blizzard is behind the long running global access operation BadPilot campaign
 | Sarcoma ransomware gang… [+139267 chars]"
"{'id': None, 'name': 'Coinjournal.net'}",Charles Thuo,South Korea reviews ban on corporations trading virtual assets,South Korea lifts crypto ban for companies. The ban lift has been structured in a two-phase plan. The move coincides with the enactment and enforcement of South Korea’s Virtual Asset User Protection Act. South Korea’s Financial Services Commission (FSC) has a…,https://coinjournal.net/news/south-korea-reviews-ban-on-corporations-trading-virtual-assets/,https://coinjournal.net/wp-content/uploads/2023/04/1682350292418-28c040ee-a8f3-4801-bd29-f84c81902f42.jpg,2025-02-13T18:35:42Z,<ul><li>South Korea lifts crypto ban for companies.</li><li>The ban lift has been structured in a two-phase plan.</li><li>The move coincides with the enactment and enforcement of South Korea’s Virtua… [+2736 chars]
"{'id': None, 'name': 'newsBTC'}",Sebastian Villafuerte,Cardano Echoes 2020-2021 Pattern – Is A Parabolic Rally On The Horizon?,"Cardano is trading below the $0.80 mark as it flirts with a potential rebound after weeks of volatility and selling pressure. The broader crypto market is finding strong demand at current levels, and investors are cautiously optimistic about a quick recovery …",http://www.newsbtc.com/news/cardano/cardano-echoes-2020-2021-pattern-is-a-parabolic-rally-on-the-horizon/,https://www.newsbtc.com/wp-content/uploads/2025/02/Untitled-design-82.jpg?fit=1792%2C1024,2025-02-13T18:30:33Z,"Cardano is trading below the $0.80 mark as it flirts with a potential rebound after weeks of volatility and selling pressure. The broader crypto market is finding strong demand at current levels, and… [+4255 chars]"
"{'id': None, 'name': 'ZyCrypto'}",Aliyu Pokima,"Toncoin’s Risk Appetite At Historic High, Incoming Price Jump?","A new CryptoQuant report shows a historic rise in investments, including derivatives and options on Toncoin.",https://zycrypto.com/toncoins-risk-appetite-at-historic-high-incoming-price-jump/,https://zycrypto.com/wp-content/uploads/2024/04/Toncoin-Coming-For-XRP-Dogecoin-Spots-After-Knocking-Cardano-Out-Of-Top-10.jpg,2025-02-13T18:05:37Z,"Crypto traders have increased risky acquisitions in Toncoin following resilient price corrections. Generally, large investors utilize a crash in prices during the dip to purchase tokens, leading to a… [+2241 chars]"
"{'id': None, 'name': 'The Daily Hodl'}",Daily Hodl Staff,President Trump’s World Liberty Financial Unveils Strategic Token Reserve To Bolster Bitcoin and Other Projects,The Trump family-affiliated decentralized finance (DeFi) project World Liberty Financial (WLFI) has unveiled a strategic token reserve designed to bolster top crypto projects like Bitcoin (BTC) and Ethereum (ETH). World Liberty Financial says it plans to form…,https://dailyhodl.com/2025/02/13/president-trumps-world-liberty-financial-unveils-strategic-token-reserve-to-bolster-bitcoin-and-other-projects/,https://dailyhodl.com/wp-content/uploads/2025/02/world-liberty-token-bolster.jpg,2025-02-13T17:55:09Z,The Trump family-affiliated decentralized finance (DeFi) project World Liberty Financial (WLFI) has unveiled a strategic token reserve designed to bolster top crypto projects like Bitcoin (BTC) and E… [+1455 chars]
"{'id': None, 'name': 'ZyCrypto'}",Aliyu Pokima,Cardano ADA Price On Brink Of Monstrous Explosion Following Spot ETF Anticipation,Cardano (ADA)'s price dramatically jumped after asset management firm Grayscale filed for a spot ETF in the United States.,https://zycrypto.com/cardano-ada-price-on-brink-of-monstrous-explosion-following-spot-etf-anticipation/,https://zycrypto.com/wp-content/uploads/2024/10/ADA-Shows-Strong-Whale-Activity-Amid-Cardano-Becoming-the-Face-of-Argentinas-First-Legitimate-Smart-Contract.jpg,2025-02-13T17:51:46Z,"Cardano (ADA)’s price dramatically jumped after asset management firm Grayscale filed for a spot ADA ETF in the United States. The move underscores rising institutional demand for digital assets, wit… [+2120 chars]"
"{'id': None, 'name': 'Decrypt'}",Ryan Gladwin,Need a Gaming Coach? There's an AI Agent for That,"AI agents can now coach you through your video games, thanks to the Balance.fun companion platform and its soon-to-launch Ethereum token.",https://decrypt.co/305769/ai-agent-gaming-coaches-ethereum-balance-fun,https://cdn.decrypt.co/resize/1024/height/512/wp-content/uploads/2025/02/ai-gaming-companion-gID_7.png,2025-02-13T17:47:04Z,"Ever wanted to be able to summon a gaming buddy on demand? AI can help fill the voidand maybe up your game, too.
Balance.fun has launched as an extension of the E-Pal platform, becoming the home for… [+3956 chars]"
"{'id': None, 'name': 'CoinDesk'}",Sam Kessler,How a Sitting President Became Crypto's Most Sought-After Investor,"Blockchain founders like MOVE's Rushi Manche are clamoring for a spot in the president's crypto portfolio, hoping it will boost their token price.",https://www.coindesk.com/tech/2025/02/13/how-a-sitting-president-became-a-crypto-s-most-sought-after-investor,https://cdn.sanity.io/images/s3y3vcno/production/ba35b36b71c9ef79a95988afed29eb11ae4b8d7a-5462x3641.jpg?auto=format,2025-02-13T17:25:48Z,"Crypto isn't all that different from politics. According to Rushi Manche, the founder of blockchain company Movement, ""Crypto is an attention game.""
It's fitting, then, that Donald Trump the master … [+9733 chars]"
"{'id': None, 'name': 'Decrypt'}",Sander Lutz,Ethereum NFT Brand Doodles Reveals Solana Token Amid Pivot Away From 'Extractive' Corporate Deals,Doodles CEO and co-founder Scott Martin opened up about how the NFT brand is shifting gears. First up: a DOOD token launch on Solana.,https://decrypt.co/305661/ethereum-nft-doodles-solana-token-pivot,https://cdn.decrypt.co/resize/1024/height/512/wp-content/uploads/2023/01/doodles2-gID_7.jpeg,2025-02-13T17:00:48Z,"With crypto markets surging and once-existential regulatory concerns melting away hourbyhour under the Trump Administration, industry leaders are tacking hard to aggressive growth strategies unthinka… [+5158 chars]"
"{'id': None, 'name': 'Biztoc.com'}",zerohedge.com,"Goldman Sachs Boosts Ethereum ETF holdings By 2,000%; Bitcoin ETFs To $1.5 Billion","Goldman Sachs Boosts Ethereum ETF holdings By 2,000%; Bitcoin ETFs To $1.5 Billion
 
Authored by Brayden Lindrea via CoinTelegraph.com,
Investment bank Goldman Sachs increased its spot Ether exchange-traded fund (ETF) holdings by 2,000% in the fourth quarter …",https://biztoc.com/x/d482d71f3685db67,https://biztoc.com/cdn/d482d71f3685db67_s.webp,2025-02-13T16:38:55Z,"Goldman Sachs Boosts Ethereum ETF holdings By 2,000%; Bitcoin ETFs To $1.5 Billion
Authored by Brayden Lindrea via CoinTelegraph.com,Investment bank Goldman Sachs increased its spot Ether exchange-t… [+145 chars]"
"{'id': None, 'name': 'Pypi.org'}",pawel@ethereum.org,ethash 1.1.0,C/C++ implementation of Ethash – the Ethereum Proof of Work algorithm,https://pypi.org/project/ethash/1.1.0/,,2025-02-13T16:35:27Z,"A required part of this site couldnt load. This may be due to a browser
 extension, network issues, or browser settings. Please check your
 connection, disable any ad blockers, or try using a diffe… [+12 chars]"
"{'id': None, 'name': 'Pypi.org'}",pawel@ethereum.org,ethash 1.0.1,C/C++ implementation of Ethash – the Ethereum Proof of Work algorithm,https://pypi.org/project/ethash/1.0.1/,,2025-02-13T16:26:25Z,"A required part of this site couldnt load. This may be due to a browser
 extension, network issues, or browser settings. Please check your
 connection, disable any ad blockers, or try using a diffe… [+12 chars]"
"{'id': None, 'name': 'Crypto Briefing'}",Vivian Nguyen,"Ethereum Foundation to explore staking after allocating 45,000 ETH to DeFi","The Ethereum Foundation's DeFi engagement may reshape its financial strategy, but staking could challenge its neutrality in future forks.
The post Ethereum Foundation to explore staking after allocating 45,000 ETH to DeFi appeared first on Crypto Briefing.",https://cryptobriefing.com/ethereum-foundation-staking-strategy/,https://static.cryptobriefing.com/wp-content/uploads/2025/02/13112232/f45aef02-7090-4115-8b91-282373f69e3e-800x420.jpg,2025-02-13T16:24:40Z,"Key Takeaways
<ul><li>The Ethereum Foundation allocated 45,000 ETH worth approximately $120 million across four DeFi protocols.</li><li>Vitalik Buterin remains the sole decision-maker during the Eth… [+3028 chars]"
"{'id': None, 'name': 'Biztoc.com'}",finance.yahoo.com,Goldman Sachs Expands Its Crypto ETF Holdings,"Goldman Sachs Group Inc. (GS) has expanded its cryptocurrency ETF strategy with direct holdings in spot bitcoin and Ethereum funds and options positions, underscoring its growing embrace of digital asset-focused investments.
Goldman increased its total crypto…",https://biztoc.com/x/753a8cd02937130b,https://biztoc.com/cdn/753a8cd02937130b_s.webp,2025-02-13T16:11:57Z,"Goldman Sachs Group Inc. (GS) has expanded its cryptocurrency ETF strategy with direct holdings in spot bitcoin and Ethereum funds and options positions, underscoring its growing embrace of digital a… [+144 chars]"
"{'id': None, 'name': 'ZyCrypto'}",Guest Author,"Path to Rival Ethereum, While Mutuum (MUTM) Token Rides a Wave of Growth","Ethereum remains stuck below $3,000, creating an opening for other high-upside opportunities. Mutuum (MUTM) stands out with its current presale, priced at only $0.01. Early projections suggest a post-launch value of $1, yielding a significant 100x return. Ove…",https://zycrypto.com/path-to-rival-ethereum-while-mutuum-mutm-token-rides-a-wave-of-growth/,https://zycrypto.com/wp-content/uploads/2025/02/Mutuum-Price-Prediction-Why-Experts-Consider-It-the-Top-Asset-with-2800-Growth-Potential.jpg,2025-02-13T15:57:30Z,"Disclaimer: The below article is sponsored, and the views in it do not represent those of ZyCrypto. Readers should conduct independent research before taking any actions related to the project mentio… [+2594 chars]"
"{'id': None, 'name': 'Securityaffairs.com'}",Pierluigi Paganini,China-linked APTs’ tool employed in RA World Ransomware attack,A November 2024 RA World ransomware attack on an Asian software firm used a tool linked to China-linked threat actors. Broadcom researchers reported that threat actors behind an RA World ransomware attack against an Asian software and services firm employed a…,https://securityaffairs.com/174189/apt/ra-world-ransomware-attack-china-apt-possible-link.html,https://securityaffairs.com/wp-content/uploads/2014/07/Chinese-hackers-espionage.jpg,2025-02-13T15:49:13Z,"China-linked APTs' tool employed in RA World Ransomware attack
 | Russia-linked APT Seashell Blizzard is behind the long running global access operation BadPilot campaign
 | Sarcoma ransomware gang… [+139267 chars]"
"{'id': None, 'name': 'Coinjournal.net'}",Rebecca Campbell,Trump’s World Liberty Financial launches strategic token reserve to bolster major crypto assets,"The Macro Strategy will form the backbone of World Liberty Financial With the token reserve, WLFI is hoping to enhance stability, foster growth, and build trust WLFI also indicated that it wants to form partnerships with traditional financial institutions Wor…",https://coinjournal.net/news/trumps-world-liberty-financial-launches-strategic-token-reserve-to-bolster-major-crypto-assets/,https://coinjournal.net/wp-content/uploads/2023/03/30020836983_0c6d0e542e_b.jpg,2025-02-13T15:47:01Z,"<ul><li>The Macro Strategy will form the backbone of World Liberty Financial</li><li>With the token reserve, WLFI is hoping to enhance stability, foster growth, and build trust</li><li>WLFI also indi… [+1942 chars]"
"{'id': None, 'name': 'CoinDesk'}",Krisztian Sandor,Peter Thiel-Backed Plasma Raises $20M to Develop Bitcoin-Based Network for Stablecoins,"The project, which also claims Tether's Paolo Ardoino as an investor, aims to enhance stablecoin adoption through a Bitcoin sidechain that allows zero-fee USDT transactions.",https://www.coindesk.com/business/2025/02/13/plasma-raises-usd20m-to-develop-bitcoin-based-network-for-stablecoins,https://cdn.sanity.io/images/s3y3vcno/production/437c685a66e7d6b8e3572e16e1060ca6e7a9c5e1-5184x3456.jpg?auto=format,2025-02-13T15:46:56Z,"Plasma, a crypto startup building a Bitcoin-based blockchain designed specifically for stablecoins, raised $20 million to further its development, the company said on Thursday.
The fundraising round… [+1546 chars]"
"{'id': None, 'name': 'ZyCrypto'}",Livine Sanchez,Hybrid Crypto Exchange GRVT Incorporates Onramper for Direct Crypto-Fiat Exchange Deposits,"The world’s first regulated DEX, the hybrid cryptocurrency exchange GRVT (pronounced “gravity”), has integrated Onramper. This allows customers to deposit money fast via a variety of practical fiat payment options. Onramper makes it simple for customers to sa…",https://zycrypto.com/hybrid-crypto-exchange-grvt-incorporates-onramper-for-direct-crypto-fiat-exchange-deposits/,https://zycrypto.com/wp-content/uploads/2025/02/Hybrid-Crypto-Exchange-GRVT-Incorporates-Onramper-for-Direct-Crypto-Fiat-Exchange-Deposits.jpg,2025-02-13T15:41:39Z,"The world’s first regulated DEX, the hybrid cryptocurrency exchange GRVT (pronounced “gravity”), has integrated Onramper. This allows customers to deposit money fast via a variety of practical fiat p… [+1863 chars]"
"{'id': None, 'name': 'The Daily Hodl'}",Daily Hodl Staff,"Mysterious Whale Withdraws $5,000,000 in Solana From Coinbase, Potentially To Accumulate AI Coins: Lookonchain","Blockchain tracking firm Lookonchain says a crypto whale suddenly withdrew $5 million worth of Solana (SOL) to possibly buy more artificial intelligence (AI) related tokens. According to Lookonchain, an anonymous deep-pocketed investor spent nearly $8 million…",https://dailyhodl.com/2025/02/13/mysterious-whale-withdraws-5000000-in-solana-from-coinbase-potentially-to-accumulate-ai-coins-lookonchain/,https://dailyhodl.com/wp-content/uploads/2025/02/Mysterious-Whale-Withdraws-solana.jpg,2025-02-13T15:30:46Z,"Blockchain tracking firm Lookonchain says a crypto whale suddenly withdrew $5 million worth of Solana (SOL) to possibly buy more artificial intelligence (AI) related tokens.
According to Lookonchain… [+1448 chars]"
"{'id': None, 'name': 'Decrypt'}",Logan Hitchcock,OpenSea Token Airdrop Revealed for NFT Traders as Ethereum Marketplace Expands,Current and historical users of OpenSea’s platforms will be eligible for SEA as the NFT platform relaunches with fungible token trading.,https://decrypt.co/305709/opensea-token-airdrop-ethereum-nft-marketplace,https://cdn.decrypt.co/resize/1024/height/512/wp-content/uploads/2025/02/OpenSea-Diamond-Coin-AP0238-scaled-gID_7.jpg,2025-02-13T14:16:02Z,"The OpenSea Foundation on Thursday announced the upcoming launch of the SEA token to reward active, loyal, and historical users of OpenSeas NFT marketplace and its Seaport protocol.
While specific d… [+5023 chars]"
"{'id': None, 'name': 'Biztoc.com'}",benzinga.com,Could Ethereum Finally See A 'God Candle' Thanks To Staking ETFs?,"Ethereum (CRYPTO: ETH) continues to trade sideways but is building momentum with speculation around incoming Ethereum staking ETFs.
Cryptocurrency
Price 
24-Hour Trend
Ethereum (CRYPTO: ETH)
 $2,656
 +2%
Bitcoin (CRYPTO: BTC)
 $95,900
 +1%
XRP (CRYPTO: XRP)
 …",https://biztoc.com/x/7fd0eb56e54e11f8,https://biztoc.com/cdn/7fd0eb56e54e11f8_s.webp,2025-02-13T14:12:12Z,"Ethereum (CRYPTO: ETH) continues to trade sideways but is building momentum with speculation around incoming Ethereum staking ETFs.CryptocurrencyPrice 24-Hour TrendEthereum (CRYPTO: ETH)$2,656+2%Bitc… [+125 chars]"
"{'id': None, 'name': 'newsBTC'}",Christian Encila,Bitcoin To $1.5 Million? Ark Invest CEO Cathie Wood Says It’s Coming,"ARK Invest’s Cathie Wood is steadfast on her estimate that Bitcoin may rise to $1.5 million by 2030, despite a bold projection that is causing a stir across the crypto space. Related Reading: Ethereum Whales On The Move—224,000+ ETH Withdrawn In Record Outflo…",http://www.newsbtc.com/news/bitcoin/bitcoin-to-1-5-million-ark-invest-ceo-cathie-wood-says-its-coming/,https://www.newsbtc.com/wp-content/uploads/2025/02/a_7c8a7a.jpg?fit=1125%2C750,2025-02-13T14:00:32Z,"ARK Invest’s Cathie Wood is steadfast on her estimate that Bitcoin may rise to $1.5 million by 2030, despite a bold projection that is causing a stir across the crypto space.
Known for her lofty tec… [+3245 chars]"
"{'id': None, 'name': 'newsBTC'}",NewsBTC,4 Best Altcoins to Invest in as Ripple Partners with 10 Central Banks,"Last year, Ripple CEO Brad Garlinghouse revealed that his company has partnered with 10 governments to develop their respective Central Bank Digital Currencies. Working with the central banks of countries like Colombia, Georgia, Montenegro, and Palau could sp…",http://www.newsbtc.com/news/4-best-altcoins-to-invest-in-ripple-partners-with-10-central-banks/,https://www.newsbtc.com/wp-content/uploads/2025/02/xrp-partners-with-central-banks.jpg,2025-02-13T13:58:37Z,"Last year, Ripple CEO Brad Garlinghouse revealed that his company has partnered with 10 governments to develop their respective Central Bank Digital Currencies. 
Working with the central banks of co… [+5498 chars]"
"{'id': None, 'name': 'newsBTC'}",NewsBTC,4 Best Altcoins to Invest in as Ripple Partners with 10 World Governments,"Last year, Ripple CEO Brad Garlinghouse revealed that his company has partnered with 10 governments to develop their respective Central Bank Digital Currencies. Working with the central banks of countries like Colombia, Georgia, Montenegro, and Palau could sp…",http://www.newsbtc.com/news/4-best-altcoins-to-invest-in-ripple-partners-with-10-world-governments/,https://www.newsbtc.com/wp-content/uploads/2025/02/xrp-partners-with-central-banks.jpg,2025-02-13T13:58:37Z,"Last year, Ripple CEO Brad Garlinghouse revealed that his company has partnered with 10 governments to develop their respective Central Bank Digital Currencies. 
Working with the central banks of co… [+5498 chars]"
"{'id': None, 'name': 'newsBTC'}",Krishi Chowdhary,Top Meme Coins to Invest In As Binance’s CZ Contemplates New Pet Coin,"Changpeng “CZ” Zhao, the former CEO of Binance, has been goaded by some fans to launch a meme coin inspired by his own pet dog. The entire thing went down on X, where CZ was first asked whether he even has a pet dog. As every man and his dog look to launch me…",http://www.newsbtc.com/news/top-meme-coins-to-buy-as-binances-cz-contemplates-new-pet-coin/,https://www.newsbtc.com/wp-content/uploads/2025/02/top-meme-coins-to-invest-in-as-binances-cz-plans-to-launch-new-pet-coin-e1739449698194.jpg,2025-02-13T13:34:12Z,"Changpeng CZ Zhao, the former CEO of Binance, has been goaded by some fans to launch a meme coin inspired by his own pet dog. The entire thing went down on X, where CZ was first asked whether he even… [+5329 chars]"
